{"ticker_symbol": "TSLA", "prediction_time_window": 1, "interval": "1m", "short_term_trend": 0.5911338276741505, "mid_term_trend": 0.29550705613777206, "long_term_trend": 0.19699689913956278}